True_K,Replication,Selected_K,Correct,BIC,N_Evaluated,N_Valid
1,1,1,True,-4335.212981108653,120,2
1,2,1,True,-4245.952193728901,120,3
1,3,1,True,-4270.74858343503,120,2
2,1,2,True,-4180.40929146394,120,5
2,2,2,True,-4096.819830922526,120,4
2,3,2,True,-4254.85380567018,120,6
3,1,3,True,-4269.616628407632,120,19
3,2,3,True,-4239.147434718487,120,7
3,3,3,True,-4222.122815576092,120,12
